,Circuit QASM File Name Before Optimization,Circuit QASM File Name After Optimization,Circuit Qubit Count,Compilation Time (seconds),Two-Qubit Gate Count Before Optimization,Two-Qubit Gate Count After Optimization,Two-Qubit Gate Depth Before Optimzation,Two-Qubit Gate Depth After Optimzation,Gate Count Before Optimization,Gate Count After Optimization,Gate Set Before Optimization,Gate Set After Optimization,Partitioner,Optimization Algorithm,Optimization Algorithm Success Threshold,Optimization Algorithm Replace Filter,Partitioner Block Size,Multistart Value,Average Number of Gates in Each Partition Before Optimization,Average Number of Gates in Each Partition After Optimization,Average Number of Two-Qubit Gates in Each Partition Before Optimization,Average Number of Two-Qubit Gates in Each Partition After Optimization,Optimization Level,Randomly Generated Circuit,Framework
0,qiskit_dtc_8_4.0639_40639,qiskit_dtc_8_4.0639_40639_1e-08_ScanPartitioner3_QSearch,8,3.849589586257934,7,14,2,4,23,69,"RXGate, RZZGate, RZGate","SqrtXGate, RZGate,  CNOTGate",ScanPartitioner3,QSearch,1e-08,less-than-multi,3.0,2^3,5.75,20.5,1.75,3.5,,False,BQSkit
1,qiskit_dtc_8_4.0639_40639,qiskit_dtc_8_4.0639_40639_1e-08_ScanPartitioner3_LEAP,8,3.671434164047241,7,14,2,4,23,69,"RXGate, RZZGate, RZGate","SqrtXGate, RZGate,  CNOTGate",ScanPartitioner3,LEAP,1e-08,less-than-multi,3.0,2^3,5.75,24.25,1.75,4.25,,False,BQSkit
2,qiskit_dtc_8_4.0639_40639,qiskit_dtc_8_4.0639_40639_OptimizationLevel3,8,0.020408391952514003,7,14,2,4,23,68,"rx, rz, rzz","rz, sx, cx",,,,,,,,,,,3.0,False,Qiskit
3,qiskit_dtc_5_3.451_34510,qiskit_dtc_5_3.451_34510_1e-08_ScanPartitioner3_QSearch,5,3.918490409851074,4,8,2,4,14,42,"RXGate, RZZGate, RZGate","SqrtXGate, RZGate,  CNOTGate",ScanPartitioner3,QSearch,1e-08,less-than-multi,3.0,2^3,7.0,23.0,2.0,4.0,,False,BQSkit
4,qiskit_dtc_5_3.451_34510,qiskit_dtc_5_3.451_34510_1e-08_ScanPartitioner3_LEAP,5,4.4793643951416025,4,8,2,4,14,42,"RXGate, RZZGate, RZGate","SqrtXGate, RZGate,  CNOTGate",ScanPartitioner3,LEAP,1e-08,less-than-multi,3.0,2^3,7.0,23.0,2.0,4.0,,False,BQSkit
5,qiskit_dtc_5_3.451_34510,qiskit_dtc_5_3.451_34510_OptimizationLevel3,5,0.011359214782714,4,8,2,4,14,41,"rx, rz, rzz","rz, sx, cx",,,,,,,,,,,3.0,False,Qiskit
6,qiskit_dtc_8_3.2022_32022,qiskit_dtc_8_3.2022_32022_1e-08_ScanPartitioner3_QSearch,8,3.950257778167724,7,14,2,4,23,69,"RXGate, RZZGate, RZGate","SqrtXGate, RZGate,  CNOTGate",ScanPartitioner3,QSearch,1e-08,less-than-multi,3.0,2^3,5.75,20.5,1.75,3.5,,False,BQSkit
7,qiskit_dtc_8_3.2022_32022,qiskit_dtc_8_3.2022_32022_1e-08_ScanPartitioner3_LEAP,8,3.476626396179199,7,14,2,4,23,69,"RXGate, RZZGate, RZGate","SqrtXGate, RZGate,  CNOTGate",ScanPartitioner3,LEAP,1e-08,less-than-multi,3.0,2^3,5.75,20.5,1.75,3.5,,False,BQSkit
8,qiskit_dtc_8_3.2022_32022,qiskit_dtc_8_3.2022_32022_OptimizationLevel3,8,0.016389608383178,7,14,2,4,23,68,"rx, rz, rzz","rz, sx, cx",,,,,,,,,,,3.0,False,Qiskit
9,qiskit_dtc_13_5.383_53830,qiskit_dtc_13_5.383_53830_1e-08_ScanPartitioner3_QSearch,13,3.437213659286499,12,24,2,4,38,114,"RXGate, RZZGate, RZGate","SqrtXGate, RZGate,  CNOTGate",ScanPartitioner3,QSearch,1e-08,less-than-multi,3.0,2^3,6.333333333333333,23.0,2.0,4.0,,False,BQSkit
10,qiskit_dtc_13_5.383_53830,qiskit_dtc_13_5.383_53830_1e-08_ScanPartitioner3_LEAP,13,3.773603916168213,12,24,2,4,38,114,"RXGate, RZZGate, RZGate","SqrtXGate, RZGate,  CNOTGate",ScanPartitioner3,LEAP,1e-08,less-than-multi,3.0,2^3,6.333333333333333,23.833333333333332,2.0,4.166666666666667,,False,BQSkit
11,qiskit_dtc_13_5.383_53830,qiskit_dtc_13_5.383_53830_OptimizationLevel3,13,0.019567012786865002,12,24,2,4,38,113,"rx, rz, rzz","rz, sx, cx",,,,,,,,,,,3.0,False,Qiskit
12,qiskit_dtc_20_2.1985_21985,qiskit_dtc_20_2.1985_21985_1e-08_ScanPartitioner3_QSearch,20,4.374133110046387,19,38,2,4,59,177,"RXGate, RZZGate, RZGate","SqrtXGate, RZGate,  CNOTGate",ScanPartitioner3,QSearch,1e-08,less-than-multi,3.0,2^3,5.9,22.0,1.9,3.8,,False,BQSkit
13,qiskit_dtc_20_2.1985_21985,qiskit_dtc_20_2.1985_21985_1e-08_ScanPartitioner3_LEAP,20,3.47714900970459,19,38,2,4,59,177,"RXGate, RZZGate, RZGate","SqrtXGate, RZGate,  CNOTGate",ScanPartitioner3,LEAP,1e-08,less-than-multi,3.0,2^3,5.9,23.5,1.9,4.1,,False,BQSkit
14,qiskit_dtc_20_2.1985_21985,qiskit_dtc_20_2.1985_21985_OptimizationLevel3,20,0.026403665542602,19,38,2,4,59,176,"rx, rz, rzz","rz, sx, cx",,,,,,,,,,,3.0,False,Qiskit
15,qiskit_dtc_16_4.6169_46169,qiskit_dtc_16_4.6169_46169_1e-08_ScanPartitioner3_QSearch,16,3.436830043792724,15,30,2,4,47,141,"RXGate, RZZGate, RZGate","SqrtXGate, RZGate,  CNOTGate",ScanPartitioner3,QSearch,1e-08,less-than-multi,3.0,2^3,5.875,21.75,1.875,3.75,,False,BQSkit
16,qiskit_dtc_16_4.6169_46169,qiskit_dtc_16_4.6169_46169_1e-08_ScanPartitioner3_LEAP,16,3.1989905834198,15,30,2,4,47,141,"RXGate, RZZGate, RZGate","SqrtXGate, RZGate,  CNOTGate",ScanPartitioner3,LEAP,1e-08,less-than-multi,3.0,2^3,5.875,23.0,1.875,4.0,,False,BQSkit
17,qiskit_dtc_16_4.6169_46169,qiskit_dtc_16_4.6169_46169_OptimizationLevel3,16,0.022367954254150002,15,30,2,4,47,140,"rx, rz, rzz","rz, sx, cx",,,,,,,,,,,3.0,False,Qiskit
18,qiskit_dtc_8_8.5774_85774,qiskit_dtc_8_8.5774_85774_1e-08_ScanPartitioner3_QSearch,8,3.82593822479248,7,14,2,4,23,69,"RXGate, RZZGate, RZGate","SqrtXGate, RZGate,  CNOTGate",ScanPartitioner3,QSearch,1e-08,less-than-multi,3.0,2^3,5.75,20.5,1.75,3.5,,False,BQSkit
19,qiskit_dtc_8_8.5774_85774,qiskit_dtc_8_8.5774_85774_1e-08_ScanPartitioner3_LEAP,8,3.119243621826172,7,14,2,4,23,69,"RXGate, RZZGate, RZGate","SqrtXGate, RZGate,  CNOTGate",ScanPartitioner3,LEAP,1e-08,less-than-multi,3.0,2^3,5.75,20.5,1.75,3.5,,False,BQSkit
20,qiskit_dtc_8_8.5774_85774,qiskit_dtc_8_8.5774_85774_OptimizationLevel3,8,0.016105413436889,7,14,2,4,23,68,"rx, rz, rzz","rz, sx, cx",,,,,,,,,,,3.0,False,Qiskit
21,qiskit_dtc_11_9.5547_95547,qiskit_dtc_11_9.5547_95547_1e-08_ScanPartitioner3_QSearch,11,3.549837589263916,10,20,2,4,32,96,"RXGate, RZZGate, RZGate","SqrtXGate, RZGate,  CNOTGate",ScanPartitioner3,QSearch,1e-08,less-than-multi,3.0,2^3,6.4,23.0,2.0,4.0,,False,BQSkit
22,qiskit_dtc_11_9.5547_95547,qiskit_dtc_11_9.5547_95547_1e-08_ScanPartitioner3_LEAP,11,3.6922519207000732,10,20,2,4,32,96,"RXGate, RZZGate, RZGate","SqrtXGate, RZGate,  CNOTGate",ScanPartitioner3,LEAP,1e-08,less-than-multi,3.0,2^3,6.4,24.0,2.0,4.2,,False,BQSkit
23,qiskit_dtc_11_9.5547_95547,qiskit_dtc_11_9.5547_95547_OptimizationLevel3,11,0.017605543136596,10,20,2,4,32,95,"rx, rz, rzz","rz, sx, cx",,,,,,,,,,,3.0,False,Qiskit
24,qiskit_dtc_17_4.0394_40394,qiskit_dtc_17_4.0394_40394_1e-08_ScanPartitioner3_QSearch,17,3.539714813232422,16,32,2,4,50,150,"RXGate, RZZGate, RZGate","SqrtXGate, RZGate,  CNOTGate",ScanPartitioner3,QSearch,1e-08,less-than-multi,3.0,2^3,6.25,23.0,2.0,4.0,,False,BQSkit
25,qiskit_dtc_17_4.0394_40394,qiskit_dtc_17_4.0394_40394_1e-08_ScanPartitioner3_LEAP,17,3.858014345169067,16,32,2,4,50,150,"RXGate, RZZGate, RZGate","SqrtXGate, RZGate,  CNOTGate",ScanPartitioner3,LEAP,1e-08,less-than-multi,3.0,2^3,6.25,24.25,2.0,4.25,,False,BQSkit
26,qiskit_dtc_17_4.0394_40394,qiskit_dtc_17_4.0394_40394_OptimizationLevel3,17,0.023023366928100003,16,32,2,4,50,149,"rx, rz, rzz","rz, sx, cx",,,,,,,,,,,3.0,False,Qiskit
27,qiskit_dtc_10_5.577_55770,qiskit_dtc_10_5.577_55770_1e-08_ScanPartitioner3_QSearch,10,4.095880508422852,9,18,2,4,29,87,"RXGate, RZZGate, RZGate","SqrtXGate, RZGate,  CNOTGate",ScanPartitioner3,QSearch,1e-08,less-than-multi,3.0,2^3,5.8,21.0,1.8,3.6,,False,BQSkit
28,qiskit_dtc_10_5.577_55770,qiskit_dtc_10_5.577_55770_1e-08_ScanPartitioner3_LEAP,10,3.693626880645752,9,18,2,4,29,87,"RXGate, RZZGate, RZGate","SqrtXGate, RZGate,  CNOTGate",ScanPartitioner3,LEAP,1e-08,less-than-multi,3.0,2^3,5.8,21.0,1.8,3.6,,False,BQSkit
29,qiskit_dtc_10_5.577_55770,qiskit_dtc_10_5.577_55770_OptimizationLevel3,10,0.016936302185058,9,18,2,4,29,86,"rx, rz, rzz","rz, sx, cx",,,,,,,,,,,3.0,False,Qiskit
30,qiskit_dtc_20_4.8531_48531,qiskit_dtc_20_4.8531_48531_1e-08_ScanPartitioner3_QSearch,20,3.422171592712402,19,38,2,4,59,177,"RXGate, RZZGate, RZGate","SqrtXGate, RZGate,  CNOTGate",ScanPartitioner3,QSearch,1e-08,less-than-multi,3.0,2^3,5.9,22.0,1.9,3.8,,False,BQSkit
31,qiskit_dtc_20_4.8531_48531,qiskit_dtc_20_4.8531_48531_1e-08_ScanPartitioner3_LEAP,20,3.295993328094482,19,38,2,4,59,177,"RXGate, RZZGate, RZGate","SqrtXGate, RZGate,  CNOTGate",ScanPartitioner3,LEAP,1e-08,less-than-multi,3.0,2^3,5.9,22.0,1.9,3.8,,False,BQSkit
32,qiskit_dtc_20_4.8531_48531,qiskit_dtc_20_4.8531_48531_OptimizationLevel3,20,0.029565572738647003,19,38,2,4,59,176,"rx, rz, rzz","rz, sx, cx",,,,,,,,,,,3.0,False,Qiskit
33,qiskit_dtc_10_8.0934_80934,qiskit_dtc_10_8.0934_80934_1e-08_ScanPartitioner3_QSearch,10,3.2984507083892822,9,18,2,4,29,87,"RXGate, RZZGate, RZGate","SqrtXGate, RZGate,  CNOTGate",ScanPartitioner3,QSearch,1e-08,less-than-multi,3.0,2^3,5.8,21.0,1.8,3.6,,False,BQSkit
34,qiskit_dtc_10_8.0934_80934,qiskit_dtc_10_8.0934_80934_1e-08_ScanPartitioner3_LEAP,10,3.495788335800171,9,18,2,4,29,87,"RXGate, RZZGate, RZGate","SqrtXGate, RZGate,  CNOTGate",ScanPartitioner3,LEAP,1e-08,less-than-multi,3.0,2^3,5.8,22.0,1.8,3.8,,False,BQSkit
35,qiskit_dtc_10_8.0934_80934,qiskit_dtc_10_8.0934_80934_OptimizationLevel3,10,0.019312143325805,9,18,2,4,29,86,"rx, rz, rzz","rz, sx, cx",,,,,,,,,,,3.0,False,Qiskit
36,qiskit_dtc_10_4.8308_48308,qiskit_dtc_10_4.8308_48308_1e-08_ScanPartitioner3_QSearch,10,3.421534299850464,9,18,2,4,29,87,"RXGate, RZZGate, RZGate","SqrtXGate, RZGate,  CNOTGate",ScanPartitioner3,QSearch,1e-08,less-than-multi,3.0,2^3,5.8,21.0,1.8,3.6,,False,BQSkit
37,qiskit_dtc_10_4.8308_48308,qiskit_dtc_10_4.8308_48308_1e-08_ScanPartitioner3_LEAP,10,2.873435258865356,9,18,2,4,29,87,"RXGate, RZZGate, RZGate","SqrtXGate, RZGate,  CNOTGate",ScanPartitioner3,LEAP,1e-08,less-than-multi,3.0,2^3,5.8,21.0,1.8,3.6,,False,BQSkit
38,qiskit_dtc_10_4.8308_48308,qiskit_dtc_10_4.8308_48308_OptimizationLevel3,10,0.015934467315673002,9,18,2,4,29,86,"rx, rz, rzz","rz, sx, cx",,,,,,,,,,,3.0,False,Qiskit
39,qiskit_dtc_17_8.1875_81875,qiskit_dtc_17_8.1875_81875_1e-08_ScanPartitioner3_QSearch,17,4.512415170669556,16,32,2,4,50,150,"RXGate, RZZGate, RZGate","SqrtXGate, RZGate,  CNOTGate",ScanPartitioner3,QSearch,1e-08,less-than-multi,3.0,2^3,6.25,23.0,2.0,4.0,,False,BQSkit
40,qiskit_dtc_17_8.1875_81875,qiskit_dtc_17_8.1875_81875_1e-08_ScanPartitioner3_LEAP,17,3.933984756469726,16,32,2,4,50,150,"RXGate, RZZGate, RZGate","SqrtXGate, RZGate,  CNOTGate",ScanPartitioner3,LEAP,1e-08,less-than-multi,3.0,2^3,6.25,24.25,2.0,4.25,,False,BQSkit
41,qiskit_dtc_17_8.1875_81875,qiskit_dtc_17_8.1875_81875_OptimizationLevel3,17,0.027806520462036,16,32,2,4,50,149,"rx, rz, rzz","rz, sx, cx",,,,,,,,,,,3.0,False,Qiskit
42,qiskit_dtc_15_9.2583_92583,qiskit_dtc_15_9.2583_92583_1e-08_ScanPartitioner3_QSearch,15,4.032020330429077,14,28,2,4,44,132,"RXGate, RZZGate, RZGate","SqrtXGate, RZGate,  CNOTGate",ScanPartitioner3,QSearch,1e-08,less-than-multi,3.0,2^3,6.2857142857142865,23.0,2.0,4.0,,False,BQSkit
43,qiskit_dtc_15_9.2583_92583,qiskit_dtc_15_9.2583_92583_1e-08_ScanPartitioner3_LEAP,15,3.555669784545898,14,28,2,4,44,132,"RXGate, RZZGate, RZGate","SqrtXGate, RZGate,  CNOTGate",ScanPartitioner3,LEAP,1e-08,less-than-multi,3.0,2^3,6.2857142857142865,24.428571428571427,2.0,4.2857142857142865,,False,BQSkit
44,qiskit_dtc_15_9.2583_92583,qiskit_dtc_15_9.2583_92583_OptimizationLevel3,15,0.022929906845092003,14,28,2,4,44,131,"rx, rz, rzz","rz, sx, cx",,,,,,,,,,,3.0,False,Qiskit
45,qiskit_dtc_6_2.5695_25695,qiskit_dtc_6_2.5695_25695_1e-08_ScanPartitioner3_QSearch,6,4.305107831954956,5,10,2,4,17,51,"RXGate, RZZGate, RZGate","SqrtXGate, RZGate,  CNOTGate",ScanPartitioner3,QSearch,1e-08,less-than-multi,3.0,2^3,5.666666666666667,19.666666666666668,1.666666666666666,3.333333333333333,,False,BQSkit
46,qiskit_dtc_6_2.5695_25695,qiskit_dtc_6_2.5695_25695_1e-08_ScanPartitioner3_LEAP,6,4.2920355796813965,5,10,2,4,17,51,"RXGate, RZZGate, RZGate","SqrtXGate, RZGate,  CNOTGate",ScanPartitioner3,LEAP,1e-08,less-than-multi,3.0,2^3,5.666666666666667,21.333333333333332,1.666666666666666,3.666666666666666,,False,BQSkit
47,qiskit_dtc_6_2.5695_25695,qiskit_dtc_6_2.5695_25695_OptimizationLevel3,6,0.016346693038940003,5,10,2,4,17,50,"rx, rz, rzz","rz, sx, cx",,,,,,,,,,,3.0,False,Qiskit
48,qiskit_dtc_14_9.4709_94709,qiskit_dtc_14_9.4709_94709_1e-08_ScanPartitioner3_QSearch,14,4.568761825561523,13,26,2,4,41,123,"RXGate, RZZGate, RZGate","SqrtXGate, RZGate,  CNOTGate",ScanPartitioner3,QSearch,1e-08,less-than-multi,3.0,2^3,5.857142857142857,21.571428571428573,1.8571428571428572,3.714285714285714,,False,BQSkit
49,qiskit_dtc_14_9.4709_94709,qiskit_dtc_14_9.4709_94709_1e-08_ScanPartitioner3_LEAP,14,3.730514764785766,13,26,2,4,41,123,"RXGate, RZZGate, RZGate","SqrtXGate, RZGate,  CNOTGate",ScanPartitioner3,LEAP,1e-08,less-than-multi,3.0,2^3,5.857142857142857,22.285714285714285,1.8571428571428572,3.857142857142857,,False,BQSkit
50,qiskit_dtc_14_9.4709_94709,qiskit_dtc_14_9.4709_94709_OptimizationLevel3,14,0.021247148513793,13,26,2,4,41,122,"rx, rz, rzz","rz, sx, cx",,,,,,,,,,,3.0,False,Qiskit
51,qiskit_dtc_6_2.2393_22393,qiskit_dtc_6_2.2393_22393_1e-08_ScanPartitioner3_QSearch,6,4.395485877990723,5,10,2,4,17,51,"RXGate, RZZGate, RZGate","SqrtXGate, RZGate,  CNOTGate",ScanPartitioner3,QSearch,1e-08,less-than-multi,3.0,2^3,5.666666666666667,19.666666666666668,1.666666666666666,3.333333333333333,,False,BQSkit
52,qiskit_dtc_6_2.2393_22393,qiskit_dtc_6_2.2393_22393_1e-08_ScanPartitioner3_LEAP,6,3.876379251480102,5,10,2,4,17,51,"RXGate, RZZGate, RZGate","SqrtXGate, RZGate,  CNOTGate",ScanPartitioner3,LEAP,1e-08,less-than-multi,3.0,2^3,5.666666666666667,19.666666666666668,1.666666666666666,3.333333333333333,,False,BQSkit
53,qiskit_dtc_6_2.2393_22393,qiskit_dtc_6_2.2393_22393_OptimizationLevel3,6,0.012913465499877002,5,10,2,4,17,50,"rx, rz, rzz","rz, sx, cx",,,,,,,,,,,3.0,False,Qiskit
54,qiskit_dtc_9_6.8225_68225,qiskit_dtc_9_6.8225_68225_1e-08_ScanPartitioner3_QSearch,9,4.023924350738525,8,16,2,4,26,78,"RXGate, RZZGate, RZGate","SqrtXGate, RZGate,  CNOTGate",ScanPartitioner3,QSearch,1e-08,less-than-multi,3.0,2^3,6.5,23.0,2.0,4.0,,False,BQSkit
55,qiskit_dtc_9_6.8225_68225,qiskit_dtc_9_6.8225_68225_1e-08_ScanPartitioner3_LEAP,9,11.359365224838257,8,16,2,4,26,78,"RXGate, RZZGate, RZGate","SqrtXGate, RZGate,  CNOTGate",ScanPartitioner3,LEAP,1e-08,less-than-multi,3.0,2^3,6.5,26.75,2.0,4.75,,False,BQSkit
56,qiskit_dtc_9_6.8225_68225,qiskit_dtc_9_6.8225_68225_OptimizationLevel3,9,0.016761779785156,8,16,2,4,26,77,"rx, rz, rzz","rz, sx, cx",,,,,,,,,,,3.0,False,Qiskit
57,qiskit_dtc_18_4.6925_46925,qiskit_dtc_18_4.6925_46925_1e-08_ScanPartitioner3_QSearch,18,4.945734739303589,17,34,2,4,53,159,"RXGate, RZZGate, RZGate","SqrtXGate, RZGate,  CNOTGate",ScanPartitioner3,QSearch,1e-08,less-than-multi,3.0,2^3,5.888888888888889,21.88888888888889,1.888888888888888,3.777777777777777,,False,BQSkit
58,qiskit_dtc_18_4.6925_46925,qiskit_dtc_18_4.6925_46925_1e-08_ScanPartitioner3_LEAP,18,4.138792753219604,17,34,2,4,53,159,"RXGate, RZZGate, RZGate","SqrtXGate, RZGate,  CNOTGate",ScanPartitioner3,LEAP,1e-08,less-than-multi,3.0,2^3,5.888888888888889,23.555555555555557,1.888888888888888,4.111111111111111,,False,BQSkit
59,qiskit_dtc_18_4.6925_46925,qiskit_dtc_18_4.6925_46925_OptimizationLevel3,18,0.029007673263549003,17,34,2,4,53,158,"rx, rz, rzz","rz, sx, cx",,,,,,,,,,,3.0,False,Qiskit
60,qiskit_dtc_10_5.573_55730,qiskit_dtc_10_5.573_55730_1e-08_ScanPartitioner3_QSearch,10,3.758708238601684,9,18,2,4,29,87,"RXGate, RZZGate, RZGate","SqrtXGate, RZGate,  CNOTGate",ScanPartitioner3,QSearch,1e-08,less-than-multi,3.0,2^3,5.8,21.0,1.8,3.6,,False,BQSkit
61,qiskit_dtc_10_5.573_55730,qiskit_dtc_10_5.573_55730_1e-08_ScanPartitioner3_LEAP,10,-4.950410604476929,9,18,2,4,29,87,"RXGate, RZZGate, RZGate","SqrtXGate, RZGate,  CNOTGate",ScanPartitioner3,LEAP,1e-08,less-than-multi,3.0,2^3,5.8,22.0,1.8,3.8,,False,BQSkit
62,qiskit_dtc_10_5.573_55730,qiskit_dtc_10_5.573_55730_OptimizationLevel3,10,0.016672849655151003,9,18,2,4,29,86,"rx, rz, rzz","rz, sx, cx",,,,,,,,,,,3.0,False,Qiskit
63,qiskit_dtc_19_4.4813_44813,qiskit_dtc_19_4.4813_44813_1e-08_ScanPartitioner3_QSearch,19,3.839528560638427,18,36,2,4,56,168,"RXGate, RZZGate, RZGate","SqrtXGate, RZGate,  CNOTGate",ScanPartitioner3,QSearch,1e-08,less-than-multi,3.0,2^3,6.222222222222222,23.0,2.0,4.0,,False,BQSkit
64,qiskit_dtc_19_4.4813_44813,qiskit_dtc_19_4.4813_44813_1e-08_ScanPartitioner3_LEAP,19,3.8875832557678223,18,36,2,4,56,168,"RXGate, RZZGate, RZGate","SqrtXGate, RZGate,  CNOTGate",ScanPartitioner3,LEAP,1e-08,less-than-multi,3.0,2^3,6.222222222222222,25.77777777777778,2.0,4.555555555555555,,False,BQSkit
65,qiskit_dtc_19_4.4813_44813,qiskit_dtc_19_4.4813_44813_OptimizationLevel3,19,0.032418489456176,18,36,2,4,56,167,"rx, rz, rzz","rz, sx, cx",,,,,,,,,,,3.0,False,Qiskit
66,qiskit_dtc_7_6.0054_60054,qiskit_dtc_7_6.0054_60054_1e-08_ScanPartitioner3_QSearch,7,3.804032325744629,6,12,2,4,20,60,"RXGate, RZZGate, RZGate","SqrtXGate, RZGate,  CNOTGate",ScanPartitioner3,QSearch,1e-08,less-than-multi,3.0,2^3,6.666666666666667,23.0,2.0,4.0,,False,BQSkit
67,qiskit_dtc_7_6.0054_60054,qiskit_dtc_7_6.0054_60054_1e-08_ScanPartitioner3_LEAP,7,4.6794891357421875,6,12,2,4,20,60,"RXGate, RZZGate, RZGate","SqrtXGate, RZGate,  CNOTGate",ScanPartitioner3,LEAP,1e-08,less-than-multi,3.0,2^3,6.666666666666667,24.666666666666668,2.0,4.333333333333333,,False,BQSkit
68,qiskit_dtc_7_6.0054_60054,qiskit_dtc_7_6.0054_60054_OptimizationLevel3,7,0.014987230300903001,6,12,2,4,20,59,"rx, rz, rzz","rz, sx, cx",,,,,,,,,,,3.0,False,Qiskit
69,qiskit_dtc_10_1.0127_10127,qiskit_dtc_10_1.0127_10127_1e-08_ScanPartitioner3_QSearch,10,4.043813705444336,9,18,2,4,29,87,"RXGate, RZZGate, RZGate","SqrtXGate, RZGate,  CNOTGate",ScanPartitioner3,QSearch,1e-08,less-than-multi,3.0,2^3,5.8,21.0,1.8,3.6,,False,BQSkit
70,qiskit_dtc_10_1.0127_10127,qiskit_dtc_10_1.0127_10127_1e-08_ScanPartitioner3_LEAP,10,3.790861129760742,9,18,2,4,29,87,"RXGate, RZZGate, RZGate","SqrtXGate, RZGate,  CNOTGate",ScanPartitioner3,LEAP,1e-08,less-than-multi,3.0,2^3,5.8,23.0,1.8,4.0,,False,BQSkit
71,qiskit_dtc_10_1.0127_10127,qiskit_dtc_10_1.0127_10127_OptimizationLevel3,10,0.016805171966552002,9,18,2,4,29,86,"rx, rz, rzz","rz, sx, cx",,,,,,,,,,,3.0,False,Qiskit
72,qiskit_dtc_16_1.3589_13589,qiskit_dtc_16_1.3589_13589_1e-08_ScanPartitioner3_QSearch,16,3.810824394226074,15,30,2,4,47,141,"RXGate, RZZGate, RZGate","SqrtXGate, RZGate,  CNOTGate",ScanPartitioner3,QSearch,1e-08,less-than-multi,3.0,2^3,5.875,21.75,1.875,3.75,,False,BQSkit
73,qiskit_dtc_16_1.3589_13589,qiskit_dtc_16_1.3589_13589_1e-08_ScanPartitioner3_LEAP,16,3.904096126556396,15,30,2,4,47,141,"RXGate, RZZGate, RZGate","SqrtXGate, RZGate,  CNOTGate",ScanPartitioner3,LEAP,1e-08,less-than-multi,3.0,2^3,5.875,22.375,1.875,3.875,,False,BQSkit
74,qiskit_dtc_16_1.3589_13589,qiskit_dtc_16_1.3589_13589_OptimizationLevel3,16,0.025710582733154002,15,30,2,4,47,140,"rx, rz, rzz","rz, sx, cx",,,,,,,,,,,3.0,False,Qiskit
75,qiskit_dtc_13_2.4641_24641,qiskit_dtc_13_2.4641_24641_1e-08_ScanPartitioner3_QSearch,13,3.860207557678222,12,24,2,4,38,114,"RXGate, RZZGate, RZGate","SqrtXGate, RZGate,  CNOTGate",ScanPartitioner3,QSearch,1e-08,less-than-multi,3.0,2^3,6.333333333333333,23.0,2.0,4.0,,False,BQSkit
76,qiskit_dtc_13_2.4641_24641,qiskit_dtc_13_2.4641_24641_1e-08_ScanPartitioner3_LEAP,13,4.261786937713623,12,24,2,4,38,114,"RXGate, RZZGate, RZGate","SqrtXGate, RZGate,  CNOTGate",ScanPartitioner3,LEAP,1e-08,less-than-multi,3.0,2^3,6.333333333333333,23.833333333333332,2.0,4.166666666666667,,False,BQSkit
77,qiskit_dtc_13_2.4641_24641,qiskit_dtc_13_2.4641_24641_OptimizationLevel3,13,0.019447088241577003,12,24,2,4,38,113,"rx, rz, rzz","rz, sx, cx",,,,,,,,,,,3.0,False,Qiskit
78,qiskit_dtc_7_4.0827_40827,qiskit_dtc_7_4.0827_40827_1e-08_ScanPartitioner3_QSearch,7,-2.67208981513977,6,12,2,4,20,60,"RXGate, RZZGate, RZGate","SqrtXGate, RZGate,  CNOTGate",ScanPartitioner3,QSearch,1e-08,less-than-multi,3.0,2^3,6.666666666666667,23.0,2.0,4.0,,False,BQSkit
79,qiskit_dtc_7_4.0827_40827,qiskit_dtc_7_4.0827_40827_1e-08_ScanPartitioner3_LEAP,7,3.542394876480102,6,12,2,4,20,60,"RXGate, RZZGate, RZGate","SqrtXGate, RZGate,  CNOTGate",ScanPartitioner3,LEAP,1e-08,less-than-multi,3.0,2^3,6.666666666666667,24.666666666666668,2.0,4.333333333333333,,False,BQSkit
80,qiskit_dtc_7_4.0827_40827,qiskit_dtc_7_4.0827_40827_OptimizationLevel3,7,0.024004459381103002,6,12,2,4,20,59,"rx, rz, rzz","rz, sx, cx",,,,,,,,,,,3.0,False,Qiskit
81,qiskit_dtc_16_3.1581_31581,qiskit_dtc_16_3.1581_31581_1e-08_ScanPartitioner3_QSearch,16,3.384118556976318,15,30,2,4,47,141,"RXGate, RZZGate, RZGate","SqrtXGate, RZGate,  CNOTGate",ScanPartitioner3,QSearch,1e-08,less-than-multi,3.0,2^3,5.875,21.75,1.875,3.75,,False,BQSkit
82,qiskit_dtc_16_3.1581_31581,qiskit_dtc_16_3.1581_31581_1e-08_ScanPartitioner3_LEAP,16,4.096537351608276,15,30,2,4,47,141,"RXGate, RZZGate, RZGate","SqrtXGate, RZGate,  CNOTGate",ScanPartitioner3,LEAP,1e-08,less-than-multi,3.0,2^3,5.875,23.625,1.875,4.125,,False,BQSkit
83,qiskit_dtc_16_3.1581_31581,qiskit_dtc_16_3.1581_31581_OptimizationLevel3,16,0.034422159194946005,15,30,2,4,47,140,"rx, rz, rzz","rz, sx, cx",,,,,,,,,,,3.0,False,Qiskit
84,qiskit_dtc_18_1.5101_15101,qiskit_dtc_18_1.5101_15101_1e-08_ScanPartitioner3_QSearch,18,5.108425855636597,17,34,2,4,53,159,"RXGate, RZZGate, RZGate","SqrtXGate, RZGate,  CNOTGate",ScanPartitioner3,QSearch,1e-08,less-than-multi,3.0,2^3,5.888888888888889,21.88888888888889,1.888888888888888,3.777777777777777,,False,BQSkit
85,qiskit_dtc_18_1.5101_15101,qiskit_dtc_18_1.5101_15101_1e-08_ScanPartitioner3_LEAP,18,3.6870570182800293,17,34,2,4,53,159,"RXGate, RZZGate, RZGate","SqrtXGate, RZGate,  CNOTGate",ScanPartitioner3,LEAP,1e-08,less-than-multi,3.0,2^3,5.888888888888889,23.0,1.888888888888888,4.0,,False,BQSkit
86,qiskit_dtc_18_1.5101_15101,qiskit_dtc_18_1.5101_15101_OptimizationLevel3,18,0.023628950119018003,17,34,2,4,53,158,"rx, rz, rzz","rz, sx, cx",,,,,,,,,,,3.0,False,Qiskit
87,qiskit_dtc_13_2.7273_27273,qiskit_dtc_13_2.7273_27273_1e-08_ScanPartitioner3_QSearch,13,3.999614715576172,12,24,2,4,38,114,"RXGate, RZZGate, RZGate","SqrtXGate, RZGate,  CNOTGate",ScanPartitioner3,QSearch,1e-08,less-than-multi,3.0,2^3,6.333333333333333,23.0,2.0,4.0,,False,BQSkit
88,qiskit_dtc_13_2.7273_27273,qiskit_dtc_13_2.7273_27273_1e-08_ScanPartitioner3_LEAP,13,3.190523386001587,12,24,2,4,38,114,"RXGate, RZZGate, RZGate","SqrtXGate, RZGate,  CNOTGate",ScanPartitioner3,LEAP,1e-08,less-than-multi,3.0,2^3,6.333333333333333,24.666666666666668,2.0,4.333333333333333,,False,BQSkit
89,qiskit_dtc_13_2.7273_27273,qiskit_dtc_13_2.7273_27273_OptimizationLevel3,13,0.020968914031982002,12,24,2,4,38,113,"rx, rz, rzz","rz, sx, cx",,,,,,,,,,,3.0,False,Qiskit
90,qiskit_dtc_8_2.6236_26236,qiskit_dtc_8_2.6236_26236_1e-08_ScanPartitioner3_QSearch,8,3.8945343494415283,7,14,2,4,23,69,"RXGate, RZZGate, RZGate","SqrtXGate, RZGate,  CNOTGate",ScanPartitioner3,QSearch,1e-08,less-than-multi,3.0,2^3,5.75,20.5,1.75,3.5,,False,BQSkit
91,qiskit_dtc_8_2.6236_26236,qiskit_dtc_8_2.6236_26236_1e-08_ScanPartitioner3_LEAP,8,3.986345529556274,7,14,2,4,23,69,"RXGate, RZZGate, RZGate","SqrtXGate, RZGate,  CNOTGate",ScanPartitioner3,LEAP,1e-08,less-than-multi,3.0,2^3,5.75,20.5,1.75,3.5,,False,BQSkit
92,qiskit_dtc_8_2.6236_26236,qiskit_dtc_8_2.6236_26236_OptimizationLevel3,8,0.018037557601928,7,14,2,4,23,68,"rx, rz, rzz","rz, sx, cx",,,,,,,,,,,3.0,False,Qiskit
93,qiskit_dtc_15_8.4271_84271,qiskit_dtc_15_8.4271_84271_1e-08_ScanPartitioner3_QSearch,15,3.804789304733276,14,28,2,4,44,132,"RXGate, RZZGate, RZGate","SqrtXGate, RZGate,  CNOTGate",ScanPartitioner3,QSearch,1e-08,less-than-multi,3.0,2^3,6.2857142857142865,23.0,2.0,4.0,,False,BQSkit
94,qiskit_dtc_15_8.4271_84271,qiskit_dtc_15_8.4271_84271_1e-08_ScanPartitioner3_LEAP,15,3.692990303039551,14,28,2,4,44,132,"RXGate, RZZGate, RZGate","SqrtXGate, RZGate,  CNOTGate",ScanPartitioner3,LEAP,1e-08,less-than-multi,3.0,2^3,6.2857142857142865,23.0,2.0,4.0,,False,BQSkit
95,qiskit_dtc_15_8.4271_84271,qiskit_dtc_15_8.4271_84271_OptimizationLevel3,15,0.026840686798095002,14,28,2,4,44,131,"rx, rz, rzz","rz, sx, cx",,,,,,,,,,,3.0,False,Qiskit
96,qiskit_dtc_5_5.4306_54306,qiskit_dtc_5_5.4306_54306_1e-08_ScanPartitioner3_QSearch,5,3.793337821960449,4,8,2,4,14,42,"RXGate, RZZGate, RZGate","SqrtXGate, RZGate,  CNOTGate",ScanPartitioner3,QSearch,1e-08,less-than-multi,3.0,2^3,7.0,23.0,2.0,4.0,,False,BQSkit
97,qiskit_dtc_5_5.4306_54306,qiskit_dtc_5_5.4306_54306_1e-08_ScanPartitioner3_LEAP,5,4.3664093017578125,4,8,2,4,14,42,"RXGate, RZZGate, RZGate","SqrtXGate, RZGate,  CNOTGate",ScanPartitioner3,LEAP,1e-08,less-than-multi,3.0,2^3,7.0,28.0,2.0,5.0,,False,BQSkit
98,qiskit_dtc_5_5.4306_54306,qiskit_dtc_5_5.4306_54306_OptimizationLevel3,5,0.012703418731689,4,8,2,4,14,41,"rx, rz, rzz","rz, sx, cx",,,,,,,,,,,3.0,False,Qiskit
99,qiskit_dtc_20_6.8943_68943,qiskit_dtc_20_6.8943_68943_1e-08_ScanPartitioner3_QSearch,20,3.735167264938354,19,38,2,4,59,177,"RXGate, RZZGate, RZGate","SqrtXGate, RZGate,  CNOTGate",ScanPartitioner3,QSearch,1e-08,less-than-multi,3.0,2^3,5.9,22.0,1.9,3.8,,False,BQSkit
100,qiskit_dtc_20_6.8943_68943,qiskit_dtc_20_6.8943_68943_1e-08_ScanPartitioner3_LEAP,20,3.143186330795288,19,38,2,4,59,177,"RXGate, RZZGate, RZGate","SqrtXGate, RZGate,  CNOTGate",ScanPartitioner3,LEAP,1e-08,less-than-multi,3.0,2^3,5.9,23.0,1.9,4.0,,False,BQSkit
101,qiskit_dtc_20_6.8943_68943,qiskit_dtc_20_6.8943_68943_OptimizationLevel3,20,0.026209115982055,19,38,2,4,59,176,"rx, rz, rzz","rz, sx, cx",,,,,,,,,,,3.0,False,Qiskit
102,qiskit_dtc_9_3.0255_30255,qiskit_dtc_9_3.0255_30255_1e-08_ScanPartitioner3_QSearch,9,3.536772727966308,8,16,2,4,26,78,"RXGate, RZZGate, RZGate","SqrtXGate, RZGate,  CNOTGate",ScanPartitioner3,QSearch,1e-08,less-than-multi,3.0,2^3,6.5,23.0,2.0,4.0,,False,BQSkit
103,qiskit_dtc_9_3.0255_30255,qiskit_dtc_9_3.0255_30255_1e-08_ScanPartitioner3_LEAP,9,3.873558521270752,8,16,2,4,26,78,"RXGate, RZZGate, RZGate","SqrtXGate, RZGate,  CNOTGate",ScanPartitioner3,LEAP,1e-08,less-than-multi,3.0,2^3,6.5,24.25,2.0,4.25,,False,BQSkit
104,qiskit_dtc_9_3.0255_30255,qiskit_dtc_9_3.0255_30255_OptimizationLevel3,9,0.017042398452758,8,16,2,4,26,77,"rx, rz, rzz","rz, sx, cx",,,,,,,,,,,3.0,False,Qiskit
105,qiskit_dtc_17_5.0563_50563,qiskit_dtc_17_5.0563_50563_1e-08_ScanPartitioner3_QSearch,17,4.034525632858276,16,32,2,4,50,150,"RXGate, RZZGate, RZGate","SqrtXGate, RZGate,  CNOTGate",ScanPartitioner3,QSearch,1e-08,less-than-multi,3.0,2^3,6.25,23.0,2.0,4.0,,False,BQSkit
106,qiskit_dtc_17_5.0563_50563,qiskit_dtc_17_5.0563_50563_1e-08_ScanPartitioner3_LEAP,17,3.413384437561035,16,32,2,4,50,150,"RXGate, RZZGate, RZGate","SqrtXGate, RZGate,  CNOTGate",ScanPartitioner3,LEAP,1e-08,less-than-multi,3.0,2^3,6.25,25.5,2.0,4.5,,False,BQSkit
107,qiskit_dtc_17_5.0563_50563,qiskit_dtc_17_5.0563_50563_OptimizationLevel3,17,0.02273941040039,16,32,2,4,50,149,"rx, rz, rzz","rz, sx, cx",,,,,,,,,,,3.0,False,Qiskit
108,qiskit_dtc_19_7.3741_73741,qiskit_dtc_19_7.3741_73741_1e-08_ScanPartitioner3_QSearch,19,3.756006956100464,18,36,2,4,56,168,"RXGate, RZZGate, RZGate","SqrtXGate, RZGate,  CNOTGate",ScanPartitioner3,QSearch,1e-08,less-than-multi,3.0,2^3,6.222222222222222,23.0,2.0,4.0,,False,BQSkit
109,qiskit_dtc_19_7.3741_73741,qiskit_dtc_19_7.3741_73741_1e-08_ScanPartitioner3_LEAP,19,4.179320812225342,18,36,2,4,56,168,"RXGate, RZZGate, RZGate","SqrtXGate, RZGate,  CNOTGate",ScanPartitioner3,LEAP,1e-08,less-than-multi,3.0,2^3,6.222222222222222,24.666666666666668,2.0,4.333333333333333,,False,BQSkit
110,qiskit_dtc_19_7.3741_73741,qiskit_dtc_19_7.3741_73741_OptimizationLevel3,19,0.027706861495971003,18,36,2,4,56,167,"rx, rz, rzz","rz, sx, cx",,,,,,,,,,,3.0,False,Qiskit
111,qiskit_dtc_15_6.4387_64387,qiskit_dtc_15_6.4387_64387_1e-08_ScanPartitioner3_QSearch,15,3.763025283813476,14,28,2,4,44,132,"RXGate, RZZGate, RZGate","SqrtXGate, RZGate,  CNOTGate",ScanPartitioner3,QSearch,1e-08,less-than-multi,3.0,2^3,6.2857142857142865,23.0,2.0,4.0,,False,BQSkit
112,qiskit_dtc_15_6.4387_64387,qiskit_dtc_15_6.4387_64387_1e-08_ScanPartitioner3_LEAP,15,3.451308250427246,14,28,2,4,44,132,"RXGate, RZZGate, RZGate","SqrtXGate, RZGate,  CNOTGate",ScanPartitioner3,LEAP,1e-08,less-than-multi,3.0,2^3,6.2857142857142865,23.714285714285715,2.0,4.142857142857143,,False,BQSkit
113,qiskit_dtc_15_6.4387_64387,qiskit_dtc_15_6.4387_64387_OptimizationLevel3,15,0.026078939437866003,14,28,2,4,44,131,"rx, rz, rzz","rz, sx, cx",,,,,,,,,,,3.0,False,Qiskit
114,qiskit_dtc_17_9.7628_97628,qiskit_dtc_17_9.7628_97628_1e-08_ScanPartitioner3_QSearch,17,3.609186887741089,16,32,2,4,50,150,"RXGate, RZZGate, RZGate","SqrtXGate, RZGate,  CNOTGate",ScanPartitioner3,QSearch,1e-08,less-than-multi,3.0,2^3,6.25,23.0,2.0,4.0,,False,BQSkit
115,qiskit_dtc_17_9.7628_97628,qiskit_dtc_17_9.7628_97628_1e-08_ScanPartitioner3_LEAP,17,4.363896131515503,16,32,2,4,50,150,"RXGate, RZZGate, RZGate","SqrtXGate, RZGate,  CNOTGate",ScanPartitioner3,LEAP,1e-08,less-than-multi,3.0,2^3,6.25,24.25,2.0,4.25,,False,BQSkit
116,qiskit_dtc_17_9.7628_97628,qiskit_dtc_17_9.7628_97628_OptimizationLevel3,17,0.024443864822387,16,32,2,4,50,149,"rx, rz, rzz","rz, sx, cx",,,,,,,,,,,3.0,False,Qiskit
117,qiskit_dtc_20_3.8472_38472,qiskit_dtc_20_3.8472_38472_1e-08_ScanPartitioner3_QSearch,20,3.923606872558593,19,38,2,4,59,177,"RXGate, RZZGate, RZGate","SqrtXGate, RZGate,  CNOTGate",ScanPartitioner3,QSearch,1e-08,less-than-multi,3.0,2^3,5.9,22.0,1.9,3.8,,False,BQSkit
118,qiskit_dtc_20_3.8472_38472,qiskit_dtc_20_3.8472_38472_1e-08_ScanPartitioner3_LEAP,20,3.270833492279052,19,38,2,4,59,177,"RXGate, RZZGate, RZGate","SqrtXGate, RZGate,  CNOTGate",ScanPartitioner3,LEAP,1e-08,less-than-multi,3.0,2^3,5.9,23.0,1.9,4.0,,False,BQSkit
119,qiskit_dtc_20_3.8472_38472,qiskit_dtc_20_3.8472_38472_OptimizationLevel3,20,0.025672674179077003,19,38,2,4,59,176,"rx, rz, rzz","rz, sx, cx",,,,,,,,,,,3.0,False,Qiskit
120,qiskit_dtc_13_9.8958_98958,qiskit_dtc_13_9.8958_98958_1e-08_ScanPartitioner3_QSearch,13,4.041178941726685,12,24,2,4,38,114,"RXGate, RZZGate, RZGate","SqrtXGate, RZGate,  CNOTGate",ScanPartitioner3,QSearch,1e-08,less-than-multi,3.0,2^3,6.333333333333333,23.0,2.0,4.0,,False,BQSkit
121,qiskit_dtc_13_9.8958_98958,qiskit_dtc_13_9.8958_98958_1e-08_ScanPartitioner3_LEAP,13,3.553993940353393,12,24,2,4,38,114,"RXGate, RZZGate, RZGate","SqrtXGate, RZGate,  CNOTGate",ScanPartitioner3,LEAP,1e-08,less-than-multi,3.0,2^3,6.333333333333333,26.333333333333332,2.0,4.666666666666667,,False,BQSkit
122,qiskit_dtc_13_9.8958_98958,qiskit_dtc_13_9.8958_98958_OptimizationLevel3,13,0.024809360504150002,12,24,2,4,38,113,"rx, rz, rzz","rz, sx, cx",,,,,,,,,,,3.0,False,Qiskit
123,qiskit_dtc_14_3.7161_37161,qiskit_dtc_14_3.7161_37161_1e-08_ScanPartitioner3_QSearch,14,3.737439632415771,13,26,2,4,41,123,"RXGate, RZZGate, RZGate","SqrtXGate, RZGate,  CNOTGate",ScanPartitioner3,QSearch,1e-08,less-than-multi,3.0,2^3,5.857142857142857,21.571428571428573,1.8571428571428572,3.714285714285714,,False,BQSkit
124,qiskit_dtc_14_3.7161_37161,qiskit_dtc_14_3.7161_37161_1e-08_ScanPartitioner3_LEAP,14,3.75564432144165,13,26,2,4,41,123,"RXGate, RZZGate, RZGate","SqrtXGate, RZGate,  CNOTGate",ScanPartitioner3,LEAP,1e-08,less-than-multi,3.0,2^3,5.857142857142857,23.0,1.8571428571428572,4.0,,False,BQSkit
125,qiskit_dtc_14_3.7161_37161,qiskit_dtc_14_3.7161_37161_OptimizationLevel3,14,0.020365715026855,13,26,2,4,41,122,"rx, rz, rzz","rz, sx, cx",,,,,,,,,,,3.0,False,Qiskit
126,qiskit_dtc_15_5.399_53990,qiskit_dtc_15_5.399_53990_1e-08_ScanPartitioner3_QSearch,15,3.604240655899048,14,28,2,4,44,132,"RXGate, RZZGate, RZGate","SqrtXGate, RZGate,  CNOTGate",ScanPartitioner3,QSearch,1e-08,less-than-multi,3.0,2^3,6.2857142857142865,23.0,2.0,4.0,,False,BQSkit
127,qiskit_dtc_15_5.399_53990,qiskit_dtc_15_5.399_53990_1e-08_ScanPartitioner3_LEAP,15,10.494307041168213,14,28,2,4,44,132,"RXGate, RZZGate, RZGate","SqrtXGate, RZGate,  CNOTGate",ScanPartitioner3,LEAP,1e-08,less-than-multi,3.0,2^3,6.2857142857142865,23.0,2.0,4.0,,False,BQSkit
128,qiskit_dtc_15_5.399_53990,qiskit_dtc_15_5.399_53990_OptimizationLevel3,15,-6.83433723449707,14,28,2,4,44,131,"rx, rz, rzz","rz, sx, cx",,,,,,,,,,,3.0,False,Qiskit
129,qiskit_dtc_11_6.3968_63968,qiskit_dtc_11_6.3968_63968_1e-08_ScanPartitioner3_QSearch,11,4.077941417694092,10,20,2,4,32,96,"RXGate, RZZGate, RZGate","SqrtXGate, RZGate,  CNOTGate",ScanPartitioner3,QSearch,1e-08,less-than-multi,3.0,2^3,6.4,23.0,2.0,4.0,,False,BQSkit
130,qiskit_dtc_11_6.3968_63968,qiskit_dtc_11_6.3968_63968_1e-08_ScanPartitioner3_LEAP,11,3.26431131362915,10,20,2,4,32,96,"RXGate, RZZGate, RZGate","SqrtXGate, RZGate,  CNOTGate",ScanPartitioner3,LEAP,1e-08,less-than-multi,3.0,2^3,6.4,23.0,2.0,4.0,,False,BQSkit
131,qiskit_dtc_11_6.3968_63968,qiskit_dtc_11_6.3968_63968_OptimizationLevel3,11,0.025628089904785004,10,20,2,4,32,95,"rx, rz, rzz","rz, sx, cx",,,,,,,,,,,3.0,False,Qiskit
132,qiskit_dtc_9_9.4888_94888,qiskit_dtc_9_9.4888_94888_1e-08_ScanPartitioner3_QSearch,9,2.960045337677002,8,16,2,4,26,78,"RXGate, RZZGate, RZGate","SqrtXGate, RZGate,  CNOTGate",ScanPartitioner3,QSearch,1e-08,less-than-multi,3.0,2^3,6.5,23.0,2.0,4.0,,False,BQSkit
133,qiskit_dtc_9_9.4888_94888,qiskit_dtc_9_9.4888_94888_1e-08_ScanPartitioner3_LEAP,9,3.763932228088379,8,16,2,4,26,78,"RXGate, RZZGate, RZGate","SqrtXGate, RZGate,  CNOTGate",ScanPartitioner3,LEAP,1e-08,less-than-multi,3.0,2^3,6.5,24.25,2.0,4.25,,False,BQSkit
134,qiskit_dtc_9_9.4888_94888,qiskit_dtc_9_9.4888_94888_OptimizationLevel3,9,0.015134096145629002,8,16,2,4,26,77,"rx, rz, rzz","rz, sx, cx",,,,,,,,,,,3.0,False,Qiskit
135,qiskit_dtc_11_2.6125_26125,qiskit_dtc_11_2.6125_26125_1e-08_ScanPartitioner3_QSearch,11,3.280812501907348,10,20,2,4,32,96,"RXGate, RZZGate, RZGate","SqrtXGate, RZGate,  CNOTGate",ScanPartitioner3,QSearch,1e-08,less-than-multi,3.0,2^3,6.4,23.0,2.0,4.0,,False,BQSkit
136,qiskit_dtc_11_2.6125_26125,qiskit_dtc_11_2.6125_26125_1e-08_ScanPartitioner3_LEAP,11,3.024798393249511,10,20,2,4,32,96,"RXGate, RZZGate, RZGate","SqrtXGate, RZGate,  CNOTGate",ScanPartitioner3,LEAP,1e-08,less-than-multi,3.0,2^3,6.4,24.0,2.0,4.2,,False,BQSkit
137,qiskit_dtc_11_2.6125_26125,qiskit_dtc_11_2.6125_26125_OptimizationLevel3,11,0.031941890716552006,10,20,2,4,32,95,"rx, rz, rzz","rz, sx, cx",,,,,,,,,,,3.0,False,Qiskit
138,qiskit_dtc_7_2.4461_24461,qiskit_dtc_7_2.4461_24461_1e-08_ScanPartitioner3_QSearch,7,4.312798500061035,6,12,2,4,20,60,"RXGate, RZZGate, RZGate","SqrtXGate, RZGate,  CNOTGate",ScanPartitioner3,QSearch,1e-08,less-than-multi,3.0,2^3,6.666666666666667,23.0,2.0,4.0,,False,BQSkit
139,qiskit_dtc_7_2.4461_24461,qiskit_dtc_7_2.4461_24461_1e-08_ScanPartitioner3_LEAP,7,3.323525428771972,6,12,2,4,20,60,"RXGate, RZZGate, RZGate","SqrtXGate, RZGate,  CNOTGate",ScanPartitioner3,LEAP,1e-08,less-than-multi,3.0,2^3,6.666666666666667,23.0,2.0,4.0,,False,BQSkit
140,qiskit_dtc_7_2.4461_24461,qiskit_dtc_7_2.4461_24461_OptimizationLevel3,7,0.013320207595825001,6,12,2,4,20,59,"rx, rz, rzz","rz, sx, cx",,,,,,,,,,,3.0,False,Qiskit
141,qiskit_dtc_16_3.3391_33391,qiskit_dtc_16_3.3391_33391_1e-08_ScanPartitioner3_QSearch,16,3.41727328300476,15,30,2,4,47,141,"RXGate, RZZGate, RZGate","SqrtXGate, RZGate,  CNOTGate",ScanPartitioner3,QSearch,1e-08,less-than-multi,3.0,2^3,5.875,21.75,1.875,3.75,,False,BQSkit
142,qiskit_dtc_16_3.3391_33391,qiskit_dtc_16_3.3391_33391_1e-08_ScanPartitioner3_LEAP,16,3.597496032714843,15,30,2,4,47,141,"RXGate, RZZGate, RZGate","SqrtXGate, RZGate,  CNOTGate",ScanPartitioner3,LEAP,1e-08,less-than-multi,3.0,2^3,5.875,22.375,1.875,3.875,,False,BQSkit
143,qiskit_dtc_16_3.3391_33391,qiskit_dtc_16_3.3391_33391_OptimizationLevel3,16,0.025639295578002003,15,30,2,4,47,140,"rx, rz, rzz","rz, sx, cx",,,,,,,,,,,3.0,False,Qiskit
144,qiskit_dtc_11_4.5424_45424,qiskit_dtc_11_4.5424_45424_1e-08_ScanPartitioner3_QSearch,11,4.050701141357422,10,20,2,4,32,96,"RXGate, RZZGate, RZGate","SqrtXGate, RZGate,  CNOTGate",ScanPartitioner3,QSearch,1e-08,less-than-multi,3.0,2^3,6.4,23.0,2.0,4.0,,False,BQSkit
145,qiskit_dtc_11_4.5424_45424,qiskit_dtc_11_4.5424_45424_1e-08_ScanPartitioner3_LEAP,11,3.3847496509552,10,20,2,4,32,96,"RXGate, RZZGate, RZGate","SqrtXGate, RZGate,  CNOTGate",ScanPartitioner3,LEAP,1e-08,less-than-multi,3.0,2^3,6.4,25.0,2.0,4.4,,False,BQSkit
146,qiskit_dtc_11_4.5424_45424,qiskit_dtc_11_4.5424_45424_OptimizationLevel3,11,0.020212650299072002,10,20,2,4,32,95,"rx, rz, rzz","rz, sx, cx",,,,,,,,,,,3.0,False,Qiskit
147,qiskit_dtc_18_2.8373_28373,qiskit_dtc_18_2.8373_28373_1e-08_ScanPartitioner3_QSearch,18,3.725833654403686,17,34,2,4,53,159,"RXGate, RZZGate, RZGate","SqrtXGate, RZGate,  CNOTGate",ScanPartitioner3,QSearch,1e-08,less-than-multi,3.0,2^3,5.888888888888889,21.88888888888889,1.888888888888888,3.777777777777777,,False,BQSkit
148,qiskit_dtc_18_2.8373_28373,qiskit_dtc_18_2.8373_28373_1e-08_ScanPartitioner3_LEAP,18,3.871384382247925,17,34,2,4,53,159,"RXGate, RZZGate, RZGate","SqrtXGate, RZGate,  CNOTGate",ScanPartitioner3,LEAP,1e-08,less-than-multi,3.0,2^3,5.888888888888889,22.444444444444443,1.888888888888888,3.8888888888888893,,False,BQSkit
149,qiskit_dtc_18_2.8373_28373,qiskit_dtc_18_2.8373_28373_OptimizationLevel3,18,0.024476289749145,17,34,2,4,53,158,"rx, rz, rzz","rz, sx, cx",,,,,,,,,,,3.0,False,Qiskit
150,qiskit_dtc_18_5.6112_56112,qiskit_dtc_18_5.6112_56112_1e-08_ScanPartitioner3_QSearch,18,4.148632287979126,17,34,2,4,53,159,"RXGate, RZZGate, RZGate","SqrtXGate, RZGate,  CNOTGate",ScanPartitioner3,QSearch,1e-08,less-than-multi,3.0,2^3,5.888888888888889,21.88888888888889,1.888888888888888,3.777777777777777,,False,BQSkit
151,qiskit_dtc_18_5.6112_56112,qiskit_dtc_18_5.6112_56112_1e-08_ScanPartitioner3_LEAP,18,3.20552396774292,17,34,2,4,53,159,"RXGate, RZZGate, RZGate","SqrtXGate, RZGate,  CNOTGate",ScanPartitioner3,LEAP,1e-08,less-than-multi,3.0,2^3,5.888888888888889,24.11111111111111,1.888888888888888,4.222222222222222,,False,BQSkit
152,qiskit_dtc_18_5.6112_56112,qiskit_dtc_18_5.6112_56112_OptimizationLevel3,18,0.025665760040283002,17,34,2,4,53,158,"rx, rz, rzz","rz, sx, cx",,,,,,,,,,,3.0,False,Qiskit
153,qiskit_dtc_5_7.7417_77417,qiskit_dtc_5_7.7417_77417_1e-08_ScanPartitioner3_QSearch,5,5.120977163314819,4,8,2,4,14,42,"RXGate, RZZGate, RZGate","SqrtXGate, RZGate,  CNOTGate",ScanPartitioner3,QSearch,1e-08,less-than-multi,3.0,2^3,7.0,23.0,2.0,4.0,,False,BQSkit
154,qiskit_dtc_5_7.7417_77417,qiskit_dtc_5_7.7417_77417_1e-08_ScanPartitioner3_LEAP,5,4.395946502685547,4,8,2,4,14,42,"RXGate, RZZGate, RZGate","SqrtXGate, RZGate,  CNOTGate",ScanPartitioner3,LEAP,1e-08,less-than-multi,3.0,2^3,7.0,28.0,2.0,5.0,,False,BQSkit
155,qiskit_dtc_5_7.7417_77417,qiskit_dtc_5_7.7417_77417_OptimizationLevel3,5,0.012001991271972,4,8,2,4,14,41,"rx, rz, rzz","rz, sx, cx",,,,,,,,,,,3.0,False,Qiskit
156,qiskit_dtc_20_5.6234_56234,qiskit_dtc_20_5.6234_56234_1e-08_ScanPartitioner3_QSearch,20,4.012192726135254,19,38,2,4,59,177,"RXGate, RZZGate, RZGate","SqrtXGate, RZGate,  CNOTGate",ScanPartitioner3,QSearch,1e-08,less-than-multi,3.0,2^3,5.9,22.0,1.9,3.8,,False,BQSkit
157,qiskit_dtc_20_5.6234_56234,qiskit_dtc_20_5.6234_56234_1e-08_ScanPartitioner3_LEAP,20,3.397168636322021,19,38,2,4,59,177,"RXGate, RZZGate, RZGate","SqrtXGate, RZGate,  CNOTGate",ScanPartitioner3,LEAP,1e-08,less-than-multi,3.0,2^3,5.9,23.0,1.9,4.0,,False,BQSkit
158,qiskit_dtc_20_5.6234_56234,qiskit_dtc_20_5.6234_56234_OptimizationLevel3,20,0.025546550750732002,19,38,2,4,59,176,"rx, rz, rzz","rz, sx, cx",,,,,,,,,,,3.0,False,Qiskit
159,qiskit_dtc_9_6.7261_67261,qiskit_dtc_9_6.7261_67261_1e-08_ScanPartitioner3_QSearch,9,4.251602411270142,8,16,2,4,26,78,"RXGate, RZZGate, RZGate","SqrtXGate, RZGate,  CNOTGate",ScanPartitioner3,QSearch,1e-08,less-than-multi,3.0,2^3,6.5,23.0,2.0,4.0,,False,BQSkit
160,qiskit_dtc_9_6.7261_67261,qiskit_dtc_9_6.7261_67261_1e-08_ScanPartitioner3_LEAP,9,3.804821014404297,8,16,2,4,26,78,"RXGate, RZZGate, RZGate","SqrtXGate, RZGate,  CNOTGate",ScanPartitioner3,LEAP,1e-08,less-than-multi,3.0,2^3,6.5,25.5,2.0,4.5,,False,BQSkit
161,qiskit_dtc_9_6.7261_67261,qiskit_dtc_9_6.7261_67261_OptimizationLevel3,9,0.023842573165893003,8,16,2,4,26,77,"rx, rz, rzz","rz, sx, cx",,,,,,,,,,,3.0,False,Qiskit
162,qiskit_dtc_19_8.8853_88853,qiskit_dtc_19_8.8853_88853_1e-08_ScanPartitioner3_QSearch,19,3.338589668273926,18,36,2,4,56,168,"RXGate, RZZGate, RZGate","SqrtXGate, RZGate,  CNOTGate",ScanPartitioner3,QSearch,1e-08,less-than-multi,3.0,2^3,6.222222222222222,23.0,2.0,4.0,,False,BQSkit
163,qiskit_dtc_19_8.8853_88853,qiskit_dtc_19_8.8853_88853_1e-08_ScanPartitioner3_LEAP,19,3.643058061599731,18,36,2,4,56,168,"RXGate, RZZGate, RZGate","SqrtXGate, RZGate,  CNOTGate",ScanPartitioner3,LEAP,1e-08,less-than-multi,3.0,2^3,6.222222222222222,23.555555555555557,2.0,4.111111111111111,,False,BQSkit
164,qiskit_dtc_19_8.8853_88853,qiskit_dtc_19_8.8853_88853_OptimizationLevel3,19,0.025476455688476,18,36,2,4,56,167,"rx, rz, rzz","rz, sx, cx",,,,,,,,,,,3.0,False,Qiskit
165,qiskit_dtc_14_1.5354_15354,qiskit_dtc_14_1.5354_15354_1e-08_ScanPartitioner3_QSearch,14,4.07834529876709,13,26,2,4,41,123,"RXGate, RZZGate, RZGate","SqrtXGate, RZGate,  CNOTGate",ScanPartitioner3,QSearch,1e-08,less-than-multi,3.0,2^3,5.857142857142857,21.571428571428573,1.8571428571428572,3.714285714285714,,False,BQSkit
166,qiskit_dtc_14_1.5354_15354,qiskit_dtc_14_1.5354_15354_1e-08_ScanPartitioner3_LEAP,14,3.004420757293701,13,26,2,4,41,123,"RXGate, RZZGate, RZGate","SqrtXGate, RZGate,  CNOTGate",ScanPartitioner3,LEAP,1e-08,less-than-multi,3.0,2^3,5.857142857142857,21.571428571428573,1.8571428571428572,3.714285714285714,,False,BQSkit
167,qiskit_dtc_14_1.5354_15354,qiskit_dtc_14_1.5354_15354_OptimizationLevel3,14,0.021532297134399,13,26,2,4,41,122,"rx, rz, rzz","rz, sx, cx",,,,,,,,,,,3.0,False,Qiskit
168,qiskit_dtc_9_3.7135_37135,qiskit_dtc_9_3.7135_37135_1e-08_ScanPartitioner3_QSearch,9,3.514575958251953,8,16,2,4,26,78,"RXGate, RZZGate, RZGate","SqrtXGate, RZGate,  CNOTGate",ScanPartitioner3,QSearch,1e-08,less-than-multi,3.0,2^3,6.5,23.0,2.0,4.0,,False,BQSkit
169,qiskit_dtc_9_3.7135_37135,qiskit_dtc_9_3.7135_37135_1e-08_ScanPartitioner3_LEAP,9,4.135029554367065,8,16,2,4,26,78,"RXGate, RZZGate, RZGate","SqrtXGate, RZGate,  CNOTGate",ScanPartitioner3,LEAP,1e-08,less-than-multi,3.0,2^3,6.5,23.0,2.0,4.0,,False,BQSkit
170,qiskit_dtc_9_3.7135_37135,qiskit_dtc_9_3.7135_37135_OptimizationLevel3,9,0.017086744308471,8,16,2,4,26,77,"rx, rz, rzz","rz, sx, cx",,,,,,,,,,,3.0,False,Qiskit
171,qiskit_dtc_17_4.4651_44651,qiskit_dtc_17_4.4651_44651_1e-08_ScanPartitioner3_QSearch,17,3.704988479614258,16,32,2,4,50,150,"RXGate, RZZGate, RZGate","SqrtXGate, RZGate,  CNOTGate",ScanPartitioner3,QSearch,1e-08,less-than-multi,3.0,2^3,6.25,23.0,2.0,4.0,,False,BQSkit
172,qiskit_dtc_17_4.4651_44651,qiskit_dtc_17_4.4651_44651_1e-08_ScanPartitioner3_LEAP,17,3.271834135055542,16,32,2,4,50,150,"RXGate, RZZGate, RZGate","SqrtXGate, RZGate,  CNOTGate",ScanPartitioner3,LEAP,1e-08,less-than-multi,3.0,2^3,6.25,23.625,2.0,4.125,,False,BQSkit
173,qiskit_dtc_17_4.4651_44651,qiskit_dtc_17_4.4651_44651_OptimizationLevel3,17,0.027214527130126002,16,32,2,4,50,149,"rx, rz, rzz","rz, sx, cx",,,,,,,,,,,3.0,False,Qiskit
174,qiskit_dtc_18_6.9444_69444,qiskit_dtc_18_6.9444_69444_1e-08_ScanPartitioner3_QSearch,18,3.479277849197387,17,34,2,4,53,159,"RXGate, RZZGate, RZGate","SqrtXGate, RZGate,  CNOTGate",ScanPartitioner3,QSearch,1e-08,less-than-multi,3.0,2^3,5.888888888888889,21.88888888888889,1.888888888888888,3.777777777777777,,False,BQSkit
175,qiskit_dtc_18_6.9444_69444,qiskit_dtc_18_6.9444_69444_1e-08_ScanPartitioner3_LEAP,18,4.112322807312012,17,34,2,4,53,159,"RXGate, RZZGate, RZGate","SqrtXGate, RZGate,  CNOTGate",ScanPartitioner3,LEAP,1e-08,less-than-multi,3.0,2^3,5.888888888888889,21.88888888888889,1.888888888888888,3.777777777777777,,False,BQSkit
176,qiskit_dtc_18_6.9444_69444,qiskit_dtc_18_6.9444_69444_OptimizationLevel3,18,0.023149967193603002,17,34,2,4,53,158,"rx, rz, rzz","rz, sx, cx",,,,,,,,,,,3.0,False,Qiskit
177,qiskit_dtc_12_2.0319_20319,qiskit_dtc_12_2.0319_20319_1e-08_ScanPartitioner3_QSearch,12,3.088804721832275,11,22,2,4,35,105,"RXGate, RZZGate, RZGate","SqrtXGate, RZGate,  CNOTGate",ScanPartitioner3,QSearch,1e-08,less-than-multi,3.0,2^3,5.833333333333333,21.333333333333332,1.833333333333333,3.666666666666666,,False,BQSkit
178,qiskit_dtc_12_2.0319_20319,qiskit_dtc_12_2.0319_20319_1e-08_ScanPartitioner3_LEAP,12,3.283574104309082,11,22,2,4,35,105,"RXGate, RZZGate, RZGate","SqrtXGate, RZGate,  CNOTGate",ScanPartitioner3,LEAP,1e-08,less-than-multi,3.0,2^3,5.833333333333333,22.166666666666668,1.833333333333333,3.833333333333333,,False,BQSkit
179,qiskit_dtc_12_2.0319_20319,qiskit_dtc_12_2.0319_20319_OptimizationLevel3,12,0.018387317657470002,11,22,2,4,35,104,"rx, rz, rzz","rz, sx, cx",,,,,,,,,,,3.0,False,Qiskit
180,qiskit_dtc_7_2.8313_28313,qiskit_dtc_7_2.8313_28313_1e-08_ScanPartitioner3_QSearch,7,3.999440908432007,6,12,2,4,20,60,"RXGate, RZZGate, RZGate","SqrtXGate, RZGate,  CNOTGate",ScanPartitioner3,QSearch,1e-08,less-than-multi,3.0,2^3,6.666666666666667,23.0,2.0,4.0,,False,BQSkit
181,qiskit_dtc_7_2.8313_28313,qiskit_dtc_7_2.8313_28313_1e-08_ScanPartitioner3_LEAP,7,3.822633028030395,6,12,2,4,20,60,"RXGate, RZZGate, RZGate","SqrtXGate, RZGate,  CNOTGate",ScanPartitioner3,LEAP,1e-08,less-than-multi,3.0,2^3,6.666666666666667,23.0,2.0,4.0,,False,BQSkit
182,qiskit_dtc_7_2.8313_28313,qiskit_dtc_7_2.8313_28313_OptimizationLevel3,7,0.017349004745483003,6,12,2,4,20,59,"rx, rz, rzz","rz, sx, cx",,,,,,,,,,,3.0,False,Qiskit
183,qiskit_dtc_19_4.4171_44171,qiskit_dtc_19_4.4171_44171_1e-08_ScanPartitioner3_QSearch,19,4.023788213729858,18,36,2,4,56,168,"RXGate, RZZGate, RZGate","SqrtXGate, RZGate,  CNOTGate",ScanPartitioner3,QSearch,1e-08,less-than-multi,3.0,2^3,6.222222222222222,23.0,2.0,4.0,,False,BQSkit
184,qiskit_dtc_19_4.4171_44171,qiskit_dtc_19_4.4171_44171_1e-08_ScanPartitioner3_LEAP,19,3.270331621170044,18,36,2,4,56,168,"RXGate, RZZGate, RZGate","SqrtXGate, RZGate,  CNOTGate",ScanPartitioner3,LEAP,1e-08,less-than-multi,3.0,2^3,6.222222222222222,24.666666666666668,2.0,4.333333333333333,,False,BQSkit
185,qiskit_dtc_19_4.4171_44171,qiskit_dtc_19_4.4171_44171_OptimizationLevel3,19,0.025133609771728002,18,36,2,4,56,167,"rx, rz, rzz","rz, sx, cx",,,,,,,,,,,3.0,False,Qiskit
186,qiskit_dtc_12_2.0904_20904,qiskit_dtc_12_2.0904_20904_1e-08_ScanPartitioner3_QSearch,12,3.633805751800537,11,22,2,4,35,105,"RXGate, RZZGate, RZGate","SqrtXGate, RZGate,  CNOTGate",ScanPartitioner3,QSearch,1e-08,less-than-multi,3.0,2^3,5.833333333333333,21.333333333333332,1.833333333333333,3.666666666666666,,False,BQSkit
187,qiskit_dtc_12_2.0904_20904,qiskit_dtc_12_2.0904_20904_1e-08_ScanPartitioner3_LEAP,12,3.053187608718872,11,22,2,4,35,105,"RXGate, RZZGate, RZGate","SqrtXGate, RZGate,  CNOTGate",ScanPartitioner3,LEAP,1e-08,less-than-multi,3.0,2^3,5.833333333333333,21.333333333333332,1.833333333333333,3.666666666666666,,False,BQSkit
188,qiskit_dtc_12_2.0904_20904,qiskit_dtc_12_2.0904_20904_OptimizationLevel3,12,0.019344806671142002,11,22,2,4,35,104,"rx, rz, rzz","rz, sx, cx",,,,,,,,,,,3.0,False,Qiskit
189,qiskit_dtc_5_4.2756_42756,qiskit_dtc_5_4.2756_42756_1e-08_ScanPartitioner3_QSearch,5,4.235809803009033,4,8,2,4,14,42,"RXGate, RZZGate, RZGate","SqrtXGate, RZGate,  CNOTGate",ScanPartitioner3,QSearch,1e-08,less-than-multi,3.0,2^3,7.0,23.0,2.0,4.0,,False,BQSkit
190,qiskit_dtc_5_4.2756_42756,qiskit_dtc_5_4.2756_42756_1e-08_ScanPartitioner3_LEAP,5,3.926729202270508,4,8,2,4,14,42,"RXGate, RZZGate, RZGate","SqrtXGate, RZGate,  CNOTGate",ScanPartitioner3,LEAP,1e-08,less-than-multi,3.0,2^3,7.0,23.0,2.0,4.0,,False,BQSkit
191,qiskit_dtc_5_4.2756_42756,qiskit_dtc_5_4.2756_42756_OptimizationLevel3,5,0.011657953262329001,4,8,2,4,14,41,"rx, rz, rzz","rz, sx, cx",,,,,,,,,,,3.0,False,Qiskit
192,qiskit_dtc_15_8.3886_83886,qiskit_dtc_15_8.3886_83886_1e-08_ScanPartitioner3_QSearch,15,3.590176105499267,14,28,2,4,44,132,"RXGate, RZZGate, RZGate","SqrtXGate, RZGate,  CNOTGate",ScanPartitioner3,QSearch,1e-08,less-than-multi,3.0,2^3,6.2857142857142865,23.0,2.0,4.0,,False,BQSkit
193,qiskit_dtc_15_8.3886_83886,qiskit_dtc_15_8.3886_83886_1e-08_ScanPartitioner3_LEAP,15,3.666847467422485,14,28,2,4,44,132,"RXGate, RZZGate, RZGate","SqrtXGate, RZGate,  CNOTGate",ScanPartitioner3,LEAP,1e-08,less-than-multi,3.0,2^3,6.2857142857142865,25.142857142857142,2.0,4.428571428571429,,False,BQSkit
194,qiskit_dtc_15_8.3886_83886,qiskit_dtc_15_8.3886_83886_OptimizationLevel3,15,0.021523714065551,14,28,2,4,44,131,"rx, rz, rzz","rz, sx, cx",,,,,,,,,,,3.0,False,Qiskit
195,qiskit_dtc_12_5.5384_55384,qiskit_dtc_12_5.5384_55384_1e-08_ScanPartitioner3_QSearch,12,3.407540798187256,11,22,2,4,35,105,"RXGate, RZZGate, RZGate","SqrtXGate, RZGate,  CNOTGate",ScanPartitioner3,QSearch,1e-08,less-than-multi,3.0,2^3,5.833333333333333,21.333333333333332,1.833333333333333,3.666666666666666,,False,BQSkit
196,qiskit_dtc_12_5.5384_55384,qiskit_dtc_12_5.5384_55384_1e-08_ScanPartitioner3_LEAP,12,4.49884819984436,11,22,2,4,35,105,"RXGate, RZZGate, RZGate","SqrtXGate, RZGate,  CNOTGate",ScanPartitioner3,LEAP,1e-08,less-than-multi,3.0,2^3,5.833333333333333,21.333333333333332,1.833333333333333,3.666666666666666,,False,BQSkit
197,qiskit_dtc_12_5.5384_55384,qiskit_dtc_12_5.5384_55384_OptimizationLevel3,12,0.108792304992675,11,22,2,4,35,104,"rx, rz, rzz","rz, sx, cx",,,,,,,,,,,3.0,False,Qiskit
198,qiskit_dtc_6_8.7189_87189,qiskit_dtc_6_8.7189_87189_1e-08_ScanPartitioner3_QSearch,6,4.102236986160278,5,10,2,4,17,51,"RXGate, RZZGate, RZGate","SqrtXGate, RZGate,  CNOTGate",ScanPartitioner3,QSearch,1e-08,less-than-multi,3.0,2^3,5.666666666666667,19.666666666666668,1.666666666666666,3.333333333333333,,False,BQSkit
199,qiskit_dtc_6_8.7189_87189,qiskit_dtc_6_8.7189_87189_1e-08_ScanPartitioner3_LEAP,6,3.937452793121338,5,10,2,4,17,51,"RXGate, RZZGate, RZGate","SqrtXGate, RZGate,  CNOTGate",ScanPartitioner3,LEAP,1e-08,less-than-multi,3.0,2^3,5.666666666666667,19.666666666666668,1.666666666666666,3.333333333333333,,False,BQSkit
200,qiskit_dtc_6_8.7189_87189,qiskit_dtc_6_8.7189_87189_OptimizationLevel3,6,0.012394666671752002,5,10,2,4,17,50,"rx, rz, rzz","rz, sx, cx",,,,,,,,,,,3.0,False,Qiskit
201,qiskit_dtc_12_1.2539_12539,qiskit_dtc_12_1.2539_12539_1e-08_ScanPartitioner3_QSearch,12,3.27402925491333,11,22,2,4,35,105,"RXGate, RZZGate, RZGate","SqrtXGate, RZGate,  CNOTGate",ScanPartitioner3,QSearch,1e-08,less-than-multi,3.0,2^3,5.833333333333333,21.333333333333332,1.833333333333333,3.666666666666666,,False,BQSkit
202,qiskit_dtc_12_1.2539_12539,qiskit_dtc_12_1.2539_12539_1e-08_ScanPartitioner3_LEAP,12,3.772844552993774,11,22,2,4,35,105,"RXGate, RZZGate, RZGate","SqrtXGate, RZGate,  CNOTGate",ScanPartitioner3,LEAP,1e-08,less-than-multi,3.0,2^3,5.833333333333333,23.0,1.833333333333333,4.0,,False,BQSkit
203,qiskit_dtc_12_1.2539_12539,qiskit_dtc_12_1.2539_12539_OptimizationLevel3,12,0.020560503005981,11,22,2,4,35,104,"rx, rz, rzz","rz, sx, cx",,,,,,,,,,,3.0,False,Qiskit
204,qiskit_dtc_6_5.1729_51729,qiskit_dtc_6_5.1729_51729_1e-08_ScanPartitioner3_QSearch,6,3.067496538162231,5,10,2,4,17,51,"RXGate, RZZGate, RZGate","SqrtXGate, RZGate,  CNOTGate",ScanPartitioner3,QSearch,1e-08,less-than-multi,3.0,2^3,5.666666666666667,19.666666666666668,1.666666666666666,3.333333333333333,,False,BQSkit
205,qiskit_dtc_6_5.1729_51729,qiskit_dtc_6_5.1729_51729_1e-08_ScanPartitioner3_LEAP,6,3.8956797122955322,5,10,2,4,17,51,"RXGate, RZZGate, RZGate","SqrtXGate, RZGate,  CNOTGate",ScanPartitioner3,LEAP,1e-08,less-than-multi,3.0,2^3,5.666666666666667,19.666666666666668,1.666666666666666,3.333333333333333,,False,BQSkit
206,qiskit_dtc_6_5.1729_51729,qiskit_dtc_6_5.1729_51729_OptimizationLevel3,6,0.012893915176391001,5,10,2,4,17,50,"rx, rz, rzz","rz, sx, cx",,,,,,,,,,,3.0,False,Qiskit
207,qiskit_dtc_14_1.9693_19693,qiskit_dtc_14_1.9693_19693_1e-08_ScanPartitioner3_QSearch,14,3.057693004608154,13,26,2,4,41,123,"RXGate, RZZGate, RZGate","SqrtXGate, RZGate,  CNOTGate",ScanPartitioner3,QSearch,1e-08,less-than-multi,3.0,2^3,5.857142857142857,21.571428571428573,1.8571428571428572,3.714285714285714,,False,BQSkit
208,qiskit_dtc_14_1.9693_19693,qiskit_dtc_14_1.9693_19693_1e-08_ScanPartitioner3_LEAP,14,3.334377527236938,13,26,2,4,41,123,"RXGate, RZZGate, RZGate","SqrtXGate, RZGate,  CNOTGate",ScanPartitioner3,LEAP,1e-08,less-than-multi,3.0,2^3,5.857142857142857,23.0,1.8571428571428572,4.0,,False,BQSkit
209,qiskit_dtc_14_1.9693_19693,qiskit_dtc_14_1.9693_19693_OptimizationLevel3,14,0.020615339279174003,13,26,2,4,41,122,"rx, rz, rzz","rz, sx, cx",,,,,,,,,,,3.0,False,Qiskit
210,qiskit_dtc_8_2.8856_28856,qiskit_dtc_8_2.8856_28856_1e-08_ScanPartitioner3_QSearch,8,2.936146736145019,7,14,2,4,23,69,"RXGate, RZZGate, RZGate","SqrtXGate, RZGate,  CNOTGate",ScanPartitioner3,QSearch,1e-08,less-than-multi,3.0,2^3,5.75,20.5,1.75,3.5,,False,BQSkit
211,qiskit_dtc_8_2.8856_28856,qiskit_dtc_8_2.8856_28856_1e-08_ScanPartitioner3_LEAP,8,2.9310801029205322,7,14,2,4,23,69,"RXGate, RZZGate, RZGate","SqrtXGate, RZGate,  CNOTGate",ScanPartitioner3,LEAP,1e-08,less-than-multi,3.0,2^3,5.75,20.5,1.75,3.5,,False,BQSkit
212,qiskit_dtc_8_2.8856_28856,qiskit_dtc_8_2.8856_28856_OptimizationLevel3,8,0.016187906265258,7,14,2,4,23,68,"rx, rz, rzz","rz, sx, cx",,,,,,,,,,,3.0,False,Qiskit
213,qiskit_dtc_13_5.9679_59679,qiskit_dtc_13_5.9679_59679_1e-08_ScanPartitioner3_QSearch,13,3.568856477737426,12,24,2,4,38,114,"RXGate, RZZGate, RZGate","SqrtXGate, RZGate,  CNOTGate",ScanPartitioner3,QSearch,1e-08,less-than-multi,3.0,2^3,6.333333333333333,23.0,2.0,4.0,,False,BQSkit
214,qiskit_dtc_13_5.9679_59679,qiskit_dtc_13_5.9679_59679_1e-08_ScanPartitioner3_LEAP,13,2.78812026977539,12,24,2,4,38,114,"RXGate, RZZGate, RZGate","SqrtXGate, RZGate,  CNOTGate",ScanPartitioner3,LEAP,1e-08,less-than-multi,3.0,2^3,6.333333333333333,23.0,2.0,4.0,,False,BQSkit
215,qiskit_dtc_13_5.9679_59679,qiskit_dtc_13_5.9679_59679_OptimizationLevel3,13,0.019658327102661,12,24,2,4,38,113,"rx, rz, rzz","rz, sx, cx",,,,,,,,,,,3.0,False,Qiskit
216,qiskit_dtc_16_7.1295_71295,qiskit_dtc_16_7.1295_71295_1e-08_ScanPartitioner3_QSearch,16,3.185878276824951,15,30,2,4,47,141,"RXGate, RZZGate, RZGate","SqrtXGate, RZGate,  CNOTGate",ScanPartitioner3,QSearch,1e-08,less-than-multi,3.0,2^3,5.875,21.75,1.875,3.75,,False,BQSkit
217,qiskit_dtc_16_7.1295_71295,qiskit_dtc_16_7.1295_71295_1e-08_ScanPartitioner3_LEAP,16,3.574890375137329,15,30,2,4,47,141,"RXGate, RZZGate, RZGate","SqrtXGate, RZGate,  CNOTGate",ScanPartitioner3,LEAP,1e-08,less-than-multi,3.0,2^3,5.875,23.625,1.875,4.125,,False,BQSkit
218,qiskit_dtc_16_7.1295_71295,qiskit_dtc_16_7.1295_71295_OptimizationLevel3,16,0.020947694778442,15,30,2,4,47,140,"rx, rz, rzz","rz, sx, cx",,,,,,,,,,,3.0,False,Qiskit
219,qiskit_dtc_14_1.7854_17854,qiskit_dtc_14_1.7854_17854_1e-08_ScanPartitioner3_QSearch,14,2.933242559432983,13,26,2,4,41,123,"RXGate, RZZGate, RZGate","SqrtXGate, RZGate,  CNOTGate",ScanPartitioner3,QSearch,1e-08,less-than-multi,3.0,2^3,5.857142857142857,21.571428571428573,1.8571428571428572,3.714285714285714,,False,BQSkit
220,qiskit_dtc_14_1.7854_17854,qiskit_dtc_14_1.7854_17854_1e-08_ScanPartitioner3_LEAP,14,2.907221317291259,13,26,2,4,41,123,"RXGate, RZZGate, RZGate","SqrtXGate, RZGate,  CNOTGate",ScanPartitioner3,LEAP,1e-08,less-than-multi,3.0,2^3,5.857142857142857,21.571428571428573,1.8571428571428572,3.714285714285714,,False,BQSkit
221,qiskit_dtc_14_1.7854_17854,qiskit_dtc_14_1.7854_17854_OptimizationLevel3,14,0.019411087036132,13,26,2,4,41,122,"rx, rz, rzz","rz, sx, cx",,,,,,,,,,,3.0,False,Qiskit
222,qiskit_dtc_7_8.9645_89645,qiskit_dtc_7_8.9645_89645_1e-08_ScanPartitioner3_QSearch,7,3.7018744945526123,6,12,2,4,20,60,"RXGate, RZZGate, RZGate","SqrtXGate, RZGate,  CNOTGate",ScanPartitioner3,QSearch,1e-08,less-than-multi,3.0,2^3,6.666666666666667,23.0,2.0,4.0,,False,BQSkit
223,qiskit_dtc_7_8.9645_89645,qiskit_dtc_7_8.9645_89645_1e-08_ScanPartitioner3_LEAP,7,3.206578254699707,6,12,2,4,20,60,"RXGate, RZZGate, RZGate","SqrtXGate, RZGate,  CNOTGate",ScanPartitioner3,LEAP,1e-08,less-than-multi,3.0,2^3,6.666666666666667,28.0,2.0,5.0,,False,BQSkit
224,qiskit_dtc_7_8.9645_89645,qiskit_dtc_7_8.9645_89645_OptimizationLevel3,7,0.012846231460571001,6,12,2,4,20,59,"rx, rz, rzz","rz, sx, cx",,,,,,,,,,,3.0,False,Qiskit
225,qiskit_dtc_12_7.2779_72779,qiskit_dtc_12_7.2779_72779_1e-08_ScanPartitioner3_QSearch,12,2.7752315998077393,11,22,2,4,35,105,"RXGate, RZZGate, RZGate","SqrtXGate, RZGate,  CNOTGate",ScanPartitioner3,QSearch,1e-08,less-than-multi,3.0,2^3,5.833333333333333,21.333333333333332,1.833333333333333,3.666666666666666,,False,BQSkit
226,qiskit_dtc_12_7.2779_72779,qiskit_dtc_12_7.2779_72779_1e-08_ScanPartitioner3_LEAP,12,3.303202390670776,11,22,2,4,35,105,"RXGate, RZZGate, RZGate","SqrtXGate, RZGate,  CNOTGate",ScanPartitioner3,LEAP,1e-08,less-than-multi,3.0,2^3,5.833333333333333,22.166666666666668,1.833333333333333,3.833333333333333,,False,BQSkit
227,qiskit_dtc_12_7.2779_72779,qiskit_dtc_12_7.2779_72779_OptimizationLevel3,12,0.017184257507324,11,22,2,4,35,104,"rx, rz, rzz","rz, sx, cx",,,,,,,,,,,3.0,False,Qiskit
228,qiskit_dtc_11_8.0724_80724,qiskit_dtc_11_8.0724_80724_1e-08_ScanPartitioner3_QSearch,11,3.219892263412475,10,20,2,4,32,96,"RXGate, RZZGate, RZGate","SqrtXGate, RZGate,  CNOTGate",ScanPartitioner3,QSearch,1e-08,less-than-multi,3.0,2^3,6.4,23.0,2.0,4.0,,False,BQSkit
229,qiskit_dtc_11_8.0724_80724,qiskit_dtc_11_8.0724_80724_1e-08_ScanPartitioner3_LEAP,11,3.512279033660888,10,20,2,4,32,96,"RXGate, RZZGate, RZGate","SqrtXGate, RZGate,  CNOTGate",ScanPartitioner3,LEAP,1e-08,less-than-multi,3.0,2^3,6.4,24.0,2.0,4.2,,False,BQSkit
230,qiskit_dtc_11_8.0724_80724,qiskit_dtc_11_8.0724_80724_OptimizationLevel3,11,0.08395743370056101,10,20,2,4,32,95,"rx, rz, rzz","rz, sx, cx",,,,,,,,,,,3.0,False,Qiskit
231,qiskit_dtc_19_5.1741_51741,qiskit_dtc_19_5.1741_51741_1e-08_ScanPartitioner3_QSearch,19,3.224532604217529,18,36,2,4,56,168,"RXGate, RZZGate, RZGate","SqrtXGate, RZGate,  CNOTGate",ScanPartitioner3,QSearch,1e-08,less-than-multi,3.0,2^3,6.222222222222222,23.0,2.0,4.0,,False,BQSkit
232,qiskit_dtc_19_5.1741_51741,qiskit_dtc_19_5.1741_51741_1e-08_ScanPartitioner3_LEAP,19,3.167738676071167,18,36,2,4,56,168,"RXGate, RZZGate, RZGate","SqrtXGate, RZGate,  CNOTGate",ScanPartitioner3,LEAP,1e-08,less-than-multi,3.0,2^3,6.222222222222222,24.11111111111111,2.0,4.222222222222222,,False,BQSkit
233,qiskit_dtc_19_5.1741_51741,qiskit_dtc_19_5.1741_51741_OptimizationLevel3,19,0.023983716964721003,18,36,2,4,56,167,"rx, rz, rzz","rz, sx, cx",,,,,,,,,,,3.0,False,Qiskit
234,qiskit_dtc_6_8.7241_87241,qiskit_dtc_6_8.7241_87241_1e-08_ScanPartitioner3_QSearch,6,10.038078308105469,5,10,2,4,17,51,"RXGate, RZZGate, RZGate","SqrtXGate, RZGate,  CNOTGate",ScanPartitioner3,QSearch,1e-08,less-than-multi,3.0,2^3,5.666666666666667,19.666666666666668,1.666666666666666,3.333333333333333,,False,BQSkit
235,qiskit_dtc_6_8.7241_87241,qiskit_dtc_6_8.7241_87241_1e-08_ScanPartitioner3_LEAP,6,-3.419616937637329,5,10,2,4,17,51,"RXGate, RZZGate, RZGate","SqrtXGate, RZGate,  CNOTGate",ScanPartitioner3,LEAP,1e-08,less-than-multi,3.0,2^3,5.666666666666667,19.666666666666668,1.666666666666666,3.333333333333333,,False,BQSkit
236,qiskit_dtc_6_8.7241_87241,qiskit_dtc_6_8.7241_87241_OptimizationLevel3,6,0.011483430862426001,5,10,2,4,17,50,"rx, rz, rzz","rz, sx, cx",,,,,,,,,,,3.0,False,Qiskit
237,qiskit_dtc_5_9.6671_96671,qiskit_dtc_5_9.6671_96671_1e-08_ScanPartitioner3_QSearch,5,3.632183790206909,4,8,2,4,14,42,"RXGate, RZZGate, RZGate","SqrtXGate, RZGate,  CNOTGate",ScanPartitioner3,QSearch,1e-08,less-than-multi,3.0,2^3,7.0,23.0,2.0,4.0,,False,BQSkit
238,qiskit_dtc_5_9.6671_96671,qiskit_dtc_5_9.6671_96671_1e-08_ScanPartitioner3_LEAP,5,3.054863691329956,4,8,2,4,14,42,"RXGate, RZZGate, RZGate","SqrtXGate, RZGate,  CNOTGate",ScanPartitioner3,LEAP,1e-08,less-than-multi,3.0,2^3,7.0,25.5,2.0,4.5,,False,BQSkit
239,qiskit_dtc_5_9.6671_96671,qiskit_dtc_5_9.6671_96671_OptimizationLevel3,5,0.011622428894042,4,8,2,4,14,41,"rx, rz, rzz","rz, sx, cx",,,,,,,,,,,3.0,False,Qiskit
